idDados,dataHora,percCPU,tempoInativo,percRAM,gigaBytesRAM,percDisc,usedDisc,fkNotebook
5,2024-12-05 12:48:25.482455,2399.4466875,2399.4466875,27.3,7.719898223876953,5.2,24781471744,gaspabook-VJFE59F11X-B1011H
