idDados,dataHora,percCPU,tempoInativo,percRAM,gigaBytesRAM,percDisc,usedDisc,fkNotebook
5,2024-12-05 12:16:15.227797,2063.3839375,2063.3839375,25.3,7.148670196533203,5.2,24800346112,gaspabook-VJFE59F11X-B1011H
